1	1	0.0	1.0
1	1	0.0	1.0
0	0	1.0	0.0
0	0	1.0	0.0
1	1	0.0	1.0
0	0	1.0	0.0
0	0	1.0	0.0
0	0	1.0	0.0
1	1	0.0	1.0
0	0	1.0	0.0
1	1	0.0	1.0
0	0	1.0	0.0
1	1	0.0	1.0
1	1	0.0	1.0
0	0	1.0	0.0
1	0	0.9725	0.0275
1	1	0.0	1.0
0	0	1.0	0.0
1	1	0.0	1.0
0	0	1.0	0.0
0	0	1.0	0.0
1	1	0.0	1.0
0	0	1.0	0.0
1	1	0.0	1.0
1	1	0.0	1.0
1	1	0.0	1.0
0	1	0.0	1.0
0	0	1.0	0.0
0	1	0.0	1.0
1	1	0.0	1.0
1	1	0.0	1.0
0	1	0.0	1.0
0	0	1.0	0.0
0	0	1.0	0.0
0	0	1.0	0.0
0	0	1.0	0.0
0	1	0.0	1.0
0	0	1.0	0.0
0	0	1.0	0.0
1	1	0.0	1.0
0	0	1.0	0.0
0	0	1.0	0.0
0	0	1.0	0.0
0	0	1.0	0.0
1	1	0.0	1.0
0	1	0.0	1.0
0	1	0.0	1.0
0	0	1.0	0.0
0	1	0.0	1.0
1	1	0.0	1.0
0	0	1.0	0.0
1	1	0.0	1.0
1	1	0.0	1.0
0	0	1.0	0.0
0	1	0.0	1.0
1	1	0.0	1.0
0	1	0.0	1.0
1	1	0.0	1.0
0	0	1.0	0.0
0	0	1.0	0.0
1	1	0.0	1.0
0	0	1.0	0.0
0	0	1.0	0.0
0	0	1.0	0.0
0	0	1.0	0.0
0	0	1.0	0.0
1	1	0.0	1.0
0	0	1.0	0.0
0	1	0.0	1.0
0	1	0.0	1.0
0	0	1.0	0.0
1	0	1.0	0.0
0	0	1.0	0.0
1	1	0.0	1.0
1	1	0.0	1.0
1	0	1.0	0.0
0	0	1.0	0.0
0	0	1.0	0.0
0	0	1.0	0.0
1	1	0.0	1.0
1	1	0.0	1.0
1	1	0.0	1.0
1	1	0.0	1.0
0	0	1.0	0.0
0	0	0.8076	0.1924
0	1	0.0028	0.9972
1	1	0.0	1.0
1	1	0.0	1.0
1	1	0.0	1.0
1	1	0.0	1.0
1	1	0.0	1.0
1	1	0.0	1.0
0	0	1.0	0.0
0	0	1.0	0.0
0	1	0.0	1.0
1	1	0.0	1.0
0	0	1.0	0.0
1	1	0.0	1.0
0	0	1.0	0.0
0	0	1.0	0.0
0	0	0.9993	7.0E-4
0	1	0.0	1.0
0	0	1.0	0.0
0	0	1.0	0.0
0	0	1.0	0.0
0	0	1.0	0.0
0	0	1.0	0.0
1	1	0.0	1.0
0	0	1.0	0.0
1	1	0.0	1.0
0	0	1.0	0.0
0	1	0.0	1.0
0	1	0.0	1.0
0	0	1.0	0.0
0	0	1.0	0.0
0	0	1.0	0.0
0	1	0.0	1.0
0	0	1.0	0.0
0	0	1.0	0.0
0	0	1.0	0.0
0	0	1.0	0.0
0	0	1.0	0.0
1	0	1.0	0.0
1	1	0.0	1.0
1	1	0.0	1.0
0	1	0.0	1.0
0	0	1.0	0.0
0	0	1.0	0.0
0	0	1.0	0.0
0	1	0.0	1.0
0	0	1.0	0.0
0	0	1.0	0.0
1	1	0.0	1.0
0	0	1.0	0.0
1	1	0.0	1.0
1	1	0.0	1.0
0	0	1.0	0.0
1	1	0.0	1.0
1	1	0.0	1.0
0	0	1.0	0.0
0	0	1.0	0.0
1	1	0.0	1.0
0	1	0.0	1.0
0	1	7.0E-4	0.9993
0	1	0.0	1.0
1	1	0.0	1.0
1	1	0.0	1.0
1	1	0.0	1.0
0	0	1.0	0.0
0	0	1.0	0.0
1	1	0.0	1.0
0	1	0.0	1.0
1	1	0.0	1.0
1	1	0.0	1.0
1	0	1.0	0.0
0	0	1.0	0.0
1	1	0.0	1.0
0	0	1.0	0.0
1	1	0.0	1.0
1	1	0.0	1.0
0	0	1.0	0.0
0	0	1.0	0.0
0	1	0.0	1.0
1	1	0.0	1.0
1	1	0.0	1.0
0	1	0.0	1.0
1	1	0.0	1.0
0	0	1.0	0.0
1	1	0.0	1.0
1	1	0.0	1.0
0	0	1.0	0.0
0	0	1.0	0.0
0	0	1.0	0.0
0	0	1.0	0.0
0	0	1.0	0.0
0	0	1.0	0.0
1	1	0.0	1.0
0	1	0.0	1.0
1	1	0.0	1.0
1	1	0.0	1.0
0	1	0.0	1.0
1	1	0.0	1.0
1	1	0.0	1.0
0	1	0.0	1.0
1	1	0.0	1.0
0	0	1.0	0.0
1	1	0.0	1.0
1	1	0.0	1.0
0	0	1.0	0.0
0	0	1.0	0.0
0	0	1.0	0.0
0	0	1.0	0.0
1	1	0.0	1.0
0	0	1.0	0.0
1	1	0.0	1.0
0	0	1.0	0.0
1	1	0.0	1.0
1	1	0.0	1.0
1	1	0.0	1.0
0	0	1.0	0.0
0	0	1.0	0.0
0	0	1.0	0.0
1	1	0.0	1.0
0	0	1.0	0.0
0	0	0.9946	0.0054
1	1	0.0	1.0
1	1	0.0	1.0
1	1	0.0	1.0
1	1	0.0	1.0
1	1	0.0	1.0
0	0	1.0	0.0
1	1	0.0	1.0
0	0	1.0	0.0
0	0	1.0	0.0
0	0	1.0	0.0
0	0	1.0	0.0
1	1	0.0	1.0
0	1	0.0	1.0
0	0	1.0	0.0
0	1	0.0	1.0
1	1	0.0	1.0
0	0	1.0	0.0
1	1	0.0	1.0
0	0	1.0	0.0
0	0	1.0	0.0
0	1	0.0	1.0
0	0	1.0	0.0
1	1	0.0	1.0
1	1	0.0	1.0
0	0	1.0	0.0
0	0	1.0	0.0
0	1	0.0	1.0
0	1	0.0	1.0
0	1	0.0	1.0
1	1	0.0	1.0
0	0	1.0	0.0
0	0	1.0	0.0
0	0	1.0	0.0
1	1	0.0	1.0
0	0	1.0	0.0
0	1	0.0	1.0
1	1	0.0	1.0
0	0	1.0	0.0
1	1	0.0	1.0
1	1	0.0	1.0
1	1	0.0	1.0
1	1	0.0	1.0
1	1	0.0	1.0
1	1	0.0	1.0
0	1	0.0	1.0
1	1	0.0	1.0
0	0	1.0	0.0
0	0	1.0	0.0
0	0	1.0	0.0
0	0	1.0	0.0
0	0	1.0	0.0
0	1	0.0	1.0
1	1	0.0	1.0
0	0	1.0	0.0
0	0	1.0	0.0
0	0	1.0	0.0
1	1	0.0	1.0
1	1	0.0	1.0
0	0	1.0	0.0
0	0	1.0	0.0
0	0	1.0	0.0
1	1	0.0	1.0
0	0	1.0	0.0
0	0	1.0	0.0
0	0	1.0	0.0
0	0	1.0	0.0
0	1	0.0	1.0
0	1	0.0	1.0
0	0	1.0	0.0
0	0	1.0	0.0
0	0	1.0	0.0
0	0	1.0	0.0
0	0	1.0	0.0
0	0	1.0	0.0
0	1	0.0	1.0
1	1	0.0	1.0
0	0	1.0	0.0
1	1	0.0	1.0
0	0	1.0	0.0
0	0	1.0	0.0
0	1	0.0	1.0
1	1	0.0	1.0
0	1	0.0	1.0
0	0	1.0	0.0
0	0	1.0	0.0
0	0	1.0	0.0
1	1	0.0	1.0
0	0	1.0	0.0
1	1	0.0	1.0
0	1	0.0	1.0
1	1	0.0	1.0
0	0	1.0	0.0
1	0	1.0	0.0
0	1	0.0	1.0
0	0	1.0	0.0
0	0	1.0	0.0
1	1	0.0	1.0
1	1	0.0	1.0
0	0	1.0	0.0
1	1	0.0	1.0
1	1	0.0	1.0
1	1	0.0	1.0
0	1	0.0057	0.9943
0	0	1.0	0.0
0	0	1.0	0.0
0	0	1.0	0.0
0	0	1.0	0.0
0	0	1.0	0.0
1	1	0.0	1.0
0	0	1.0	0.0
0	0	1.0	0.0
0	1	8.0E-4	0.9992
0	0	1.0	0.0
1	1	0.0	1.0
0	1	0.0	1.0
0	0	1.0	0.0
0	1	0.0	1.0
1	1	0.0	1.0
1	1	0.0	1.0
0	0	1.0	0.0
0	0	1.0	0.0
1	1	0.0	1.0
0	0	1.0	0.0
0	0	1.0	0.0
0	0	0.9998	2.0E-4
0	0	1.0	0.0
1	1	0.0	1.0
0	0	1.0	0.0
1	1	0.0	1.0
1	1	0.0	1.0
0	1	0.0	1.0
1	1	0.0	1.0
0	1	0.0	1.0
1	1	0.0	1.0
0	0	1.0	0.0
0	0	1.0	0.0
1	1	0.0	1.0
0	0	1.0	0.0
0	0	1.0	0.0
1	1	0.0	1.0
0	0	0.999	0.0010
0	0	1.0	0.0
0	0	1.0	0.0
1	1	0.0	1.0
0	1	0.0	1.0
0	0	1.0	0.0
1	1	0.0	1.0
0	1	0.0	1.0
0	0	1.0	0.0
1	1	0.0	1.0
0	0	1.0	0.0
0	1	0.0	1.0
1	1	0.0	1.0
1	1	0.0	1.0
1	0	1.0	0.0
0	0	1.0	0.0
1	1	0.0	1.0
0	0	1.0	0.0
0	0	1.0	0.0
0	0	1.0	0.0
1	1	0.0	1.0
1	1	0.0	1.0
0	0	1.0	0.0
0	0	1.0	0.0
0	0	1.0	0.0
1	1	0.0	1.0
1	1	0.0	1.0
0	0	1.0	0.0
1	1	0.0	1.0
1	1	0.0	1.0
1	1	0.0	1.0
0	1	0.0	1.0
0	1	0.0	1.0
1	1	0.0	1.0
1	1	0.0	1.0
0	0	1.0	0.0
0	1	0.0	1.0
1	1	0.0	1.0
0	0	1.0	0.0
0	1	0.0	1.0
0	1	0.0	1.0
0	0	1.0	0.0
1	1	0.0	1.0
1	1	0.0	1.0
1	1	0.0	1.0
1	1	0.0	1.0
1	1	0.0	1.0
1	1	0.0	1.0
0	1	0.0	1.0
1	0	1.0	0.0
0	0	1.0	0.0
1	1	0.0	1.0
0	1	0.0	1.0
0	1	0.0	1.0
0	0	1.0	0.0
0	1	0.0	1.0
0	0	1.0	0.0
0	1	0.0	1.0
0	0	1.0	0.0
0	0	1.0	0.0
0	0	1.0	0.0
1	1	0.0	1.0
1	1	0.0	1.0
1	1	0.0	1.0
1	1	0.0	1.0
0	0	1.0	0.0
0	0	1.0	0.0
1	1	0.0	1.0
0	1	0.0	1.0
0	0	1.0	0.0
0	0	1.0	0.0
0	0	1.0	0.0
1	1	0.0	1.0
1	1	0.0	1.0
0	0	1.0	0.0
1	1	0.0	1.0
1	1	0.0	1.0
1	0	1.0	0.0
0	0	1.0	0.0
0	0	1.0	0.0
0	0	1.0	0.0
0	0	1.0	0.0
0	1	0.0	1.0
0	0	1.0	0.0
1	1	0.0	1.0
1	1	0.0	1.0
0	0	1.0	0.0
1	1	0.0	1.0
0	0	1.0	0.0
1	1	0.0	1.0
0	0	1.0	0.0
1	1	0.0	1.0
0	0	1.0	0.0
0	0	1.0	0.0
1	1	0.0	1.0
1	1	0.0	1.0
0	0	1.0	0.0
1	1	0.0	1.0
1	1	0.0	1.0
0	0	1.0	0.0
0	1	0.0	1.0
0	0	1.0	0.0
0	0	1.0	0.0
0	1	0.0	1.0
1	1	0.0	1.0
1	1	0.0	1.0
1	1	0.0	1.0
1	1	0.0	1.0
0	0	1.0	0.0
1	1	0.0	1.0
0	0	1.0	0.0
1	1	0.0	1.0
1	0	1.0	0.0
0	0	1.0	0.0
1	1	0.0	1.0
1	0	0.5514	0.4486
0	0	1.0	0.0
1	1	0.0	1.0
1	1	0.0	1.0
1	1	0.0	1.0
1	1	0.0	1.0
1	1	0.0	1.0
1	1	0.0	1.0
1	1	0.0	1.0
1	1	0.0	1.0
0	1	0.0	1.0
1	1	0.0	1.0
1	1	0.0	1.0
0	0	1.0	0.0
0	1	0.2103	0.7897
0	1	0.0	1.0
0	0	1.0	0.0
0	0	1.0	0.0
0	0	1.0	0.0
1	1	0.0	1.0
0	0	1.0	0.0
0	1	0.0	1.0
0	0	1.0	0.0
1	1	0.0	1.0
0	0	1.0	0.0
1	1	0.0	1.0
0	0	1.0	0.0
0	0	1.0	0.0
1	1	0.0	1.0
1	1	0.0	1.0
1	0	1.0	0.0
0	0	1.0	0.0
0	0	1.0	0.0
1	1	0.0	1.0
0	0	1.0	0.0
1	0	1.0	0.0
0	0	1.0	0.0
1	1	0.0	1.0
0	0	1.0	0.0
0	0	1.0	0.0
0	0	1.0	0.0
1	0	1.0	0.0
1	1	0.0	1.0
1	1	0.0	1.0
0	0	1.0	0.0
1	1	0.0	1.0
0	1	0.0	1.0
0	0	1.0	0.0
0	0	1.0	0.0
1	1	0.0	1.0
1	1	0.0	1.0
1	1	0.0	1.0
0	0	1.0	0.0
1	0	1.0	0.0
1	1	0.0	1.0
0	0	1.0	0.0
0	1	0.0	1.0
0	0	1.0	0.0
1	1	0.0	1.0
0	0	1.0	0.0
0	0	1.0	0.0
1	1	0.0	1.0
1	0	1.0	0.0
0	1	0.0	1.0
1	1	0.0	1.0
0	0	1.0	0.0
0	0	1.0	0.0
0	0	1.0	0.0
0	0	1.0	0.0
0	0	1.0	0.0
0	1	0.0	1.0
0	0	1.0	0.0
0	0	1.0	0.0
0	0	1.0	0.0
1	0	1.0	0.0
1	1	0.0	1.0
0	1	0.0	1.0
1	1	0.0	1.0
0	1	0.0	1.0
0	0	1.0	0.0
1	1	0.0	1.0
0	0	1.0	0.0
0	0	1.0	0.0
0	0	1.0	0.0
1	1	0.0	1.0
0	0	1.0	0.0
0	1	0.2976	0.7024
1	1	0.0	1.0
1	1	0.0	1.0
0	0	1.0	0.0
1	1	0.0	1.0
1	0	1.0	0.0
1	1	0.0	1.0
1	1	0.0	1.0
0	0	1.0	0.0
0	0	1.0	0.0
1	1	0.0	1.0
0	1	0.0	1.0
0	0	1.0	0.0
1	1	0.0	1.0
0	0	1.0	0.0
0	0	1.0	0.0
0	0	1.0	0.0
0	1	0.0	1.0
1	1	0.0	1.0
0	0	1.0	0.0
0	0	1.0	0.0
0	0	1.0	0.0
1	1	0.0	1.0
0	0	1.0	0.0
1	1	0.0	1.0
0	0	1.0	0.0
0	0	1.0	0.0
1	0	1.0	0.0
1	1	0.0	1.0
0	0	1.0	0.0
0	0	1.0	0.0
1	1	0.0	1.0
0	0	1.0	0.0
0	0	1.0	0.0
1	1	0.0	1.0
0	0	0.5152	0.4848
0	0	1.0	0.0
1	1	0.0	1.0
1	1	0.0	1.0
1	1	0.0	1.0
0	0	1.0	0.0
0	0	1.0	0.0
0	0	1.0	0.0
0	0	1.0	0.0
0	0	1.0	0.0
0	0	1.0	0.0
0	0	1.0	0.0
0	0	1.0	0.0
1	1	0.0	1.0
0	0	1.0	0.0
1	1	0.0	1.0
0	1	0.0	1.0
0	0	1.0	0.0
1	1	0.0	1.0
1	1	0.0	1.0
1	1	0.0	1.0
0	1	0.0	1.0
0	0	1.0	0.0
1	1	0.0	1.0
1	1	0.0	1.0
1	1	0.0	1.0
0	0	1.0	0.0
0	0	0.8076	0.1924
1	1	0.0	1.0
0	1	0.0	1.0
0	1	0.0	1.0
1	1	0.0	1.0
1	1	0.0	1.0
1	1	0.0	1.0
1	1	0.0	1.0
1	1	0.0	1.0
1	1	0.0	1.0
0	0	1.0	0.0
1	1	0.0	1.0
0	1	0.0	1.0
1	0	0.9948	0.0052
0	1	0.0	1.0
1	1	0.0	1.0
0	1	0.0	1.0
0	1	0.0	1.0
0	0	1.0	0.0
0	0	1.0	0.0
1	1	0.0	1.0
1	1	0.0	1.0
0	0	1.0	0.0
0	0	1.0	0.0
1	1	0.0	1.0
0	1	0.0	1.0
1	1	0.0	1.0
1	1	0.0	1.0
0	0	1.0	0.0
0	0	1.0	0.0
1	1	0.0	1.0
0	0	1.0	0.0
0	0	1.0	0.0
0	0	1.0	0.0
1	1	0.0	1.0
1	1	0.0	1.0
0	0	1.0	0.0
1	1	0.0	1.0
0	0	1.0	0.0
1	1	0.0	1.0
1	1	0.0	1.0
1	1	0.0	1.0
1	1	0.0	1.0
0	1	0.0	1.0
1	1	0.0	1.0
0	1	0.0	1.0
1	1	0.0	1.0
0	1	0.0	1.0
1	1	0.0	1.0
0	0	1.0	0.0
0	1	0.0	1.0
1	1	0.0	1.0
0	0	1.0	0.0
1	1	0.0	1.0
0	1	0.0	1.0
0	0	1.0	0.0
0	0	1.0	0.0
0	0	1.0	0.0
0	0	1.0	0.0
0	1	0.0	1.0
0	0	1.0	0.0
0	1	0.0	1.0
0	0	1.0	0.0
0	0	1.0	0.0
1	1	0.0	1.0
0	1	0.0	1.0
1	1	0.0	1.0
0	0	1.0	0.0
0	0	1.0	0.0
0	0	1.0	0.0
1	1	0.0	1.0
1	1	0.0	1.0
0	1	0.0	1.0
1	1	0.0	1.0
1	1	0.0	1.0
0	1	0.0	1.0
1	1	0.0	1.0
0	0	0.9998	2.0E-4
1	1	0.0	1.0
0	1	0.0	1.0
0	0	1.0	0.0
0	0	1.0	0.0
0	1	0.0	1.0
1	1	0.0	1.0
0	0	1.0	0.0
0	0	1.0	0.0
0	0	1.0	0.0
1	1	0.0	1.0
0	0	1.0	0.0
1	1	0.0	1.0
0	0	1.0	0.0
0	0	1.0	0.0
1	1	0.0	1.0
0	1	0.0	1.0
1	1	0.0	1.0
0	0	1.0	0.0
0	0	1.0	0.0
0	0	1.0	0.0
0	0	1.0	0.0
0	0	1.0	0.0
0	0	1.0	0.0
0	0	0.9951	0.0049
0	1	0.0	1.0
0	0	1.0	0.0
0	0	1.0	0.0
1	1	0.0	1.0
0	0	1.0	0.0
0	0	1.0	0.0
0	0	1.0	0.0
0	0	1.0	0.0
0	0	1.0	0.0
0	1	0.0	1.0
1	1	0.0	1.0
0	1	0.0	1.0
0	1	0.0	1.0
0	1	0.0	1.0
0	0	1.0	0.0
1	1	0.0	1.0
0	0	1.0	0.0
0	1	0.0	1.0
1	1	0.0	1.0
0	1	0.0	1.0
1	1	0.0	1.0
0	0	1.0	0.0
1	1	0.0	1.0
0	1	0.0	1.0
0	1	0.0	1.0
0	0	1.0	0.0
0	0	1.0	0.0
0	0	1.0	0.0
0	0	1.0	0.0
1	1	0.0	1.0
0	0	1.0	0.0
0	0	1.0	0.0
1	1	0.0	1.0
0	0	1.0	0.0
0	0	1.0	0.0
0	1	0.0	1.0
1	1	0.0	1.0
1	1	0.0	1.0
1	1	0.0	1.0
1	1	0.0	1.0
0	0	1.0	0.0
0	1	0.0	1.0
0	0	1.0	0.0
0	0	1.0	0.0
1	1	0.0	1.0
1	1	0.0	1.0
0	0	0.9982	0.0018
1	1	0.0	1.0
1	1	0.0	1.0
0	1	0.046	0.954
0	0	1.0	0.0
1	1	0.0	1.0
0	0	1.0	0.0
1	1	0.0	1.0
0	0	1.0	0.0
0	0	1.0	0.0
1	1	0.0	1.0
0	0	1.0	0.0
0	0	1.0	0.0
1	1	0.0	1.0
0	0	0.9999	1.0E-4
0	1	0.0	1.0
0	1	0.0	1.0
0	1	0.0	1.0
1	1	0.0	1.0
0	0	1.0	0.0
0	0	1.0	0.0
0	0	1.0	0.0
0	0	1.0	0.0
0	1	0.0	1.0
1	1	0.0	1.0
0	0	1.0	0.0
0	0	1.0	0.0
0	0	1.0	0.0
0	0	1.0	0.0
0	0	1.0	0.0
1	1	0.0	1.0
0	0	1.0	0.0
1	1	0.0	1.0
0	0	1.0	0.0
1	1	0.0	1.0
1	1	0.0	1.0
0	0	1.0	0.0
0	0	1.0	0.0
1	1	0.0	1.0
0	1	0.0	1.0
0	0	1.0	0.0
1	1	0.0	1.0
0	0	1.0	0.0
0	1	0.0	1.0
0	1	0.0	1.0
0	0	1.0	0.0
1	1	0.0	1.0
0	1	0.0	1.0
0	0	1.0	0.0
1	1	0.0	1.0
1	1	0.0	1.0
0	1	0.0	1.0
1	1	0.0	1.0
1	0	1.0	0.0
1	1	0.0	1.0
1	1	0.0	1.0
1	1	0.0	1.0
1	1	0.0	1.0
0	0	1.0	0.0
0	0	1.0	0.0
0	0	1.0	0.0
0	0	1.0	0.0
0	1	0.0	1.0
0	1	0.0	1.0
1	1	0.0	1.0
0	0	1.0	0.0
0	0	1.0	0.0
0	1	0.0	1.0
1	1	0.0	1.0
0	1	0.0036	0.9964
0	1	0.0	1.0
0	1	0.0	1.0
1	1	0.0	1.0
0	0	1.0	0.0
0	0	1.0	0.0
1	0	1.0	0.0
0	0	1.0	0.0
0	1	0.0	1.0
1	1	0.0	1.0
1	1	0.0	1.0
1	1	0.0	1.0
0	0	1.0	0.0
0	0	1.0	0.0
1	1	0.0	1.0
1	1	0.0	1.0
0	0	1.0	0.0
1	1	0.0	1.0
0	0	1.0	0.0
0	0	1.0	0.0
0	0	1.0	0.0
0	0	1.0	0.0
0	0	1.0	0.0
1	1	0.0	1.0
1	1	0.0	1.0
0	0	1.0	0.0
0	0	1.0	0.0
1	1	0.0	1.0
1	1	0.0	1.0
1	1	0.0	1.0
1	1	0.0	1.0
1	1	0.0	1.0
1	1	0.0	1.0
1	1	0.0	1.0
0	1	0.0	1.0
0	0	1.0	0.0
0	0	1.0	0.0
0	0	1.0	0.0
0	0	1.0	0.0
0	1	0.0	1.0
1	1	0.0	1.0
1	1	0.0	1.0
0	0	1.0	0.0
0	1	0.0	1.0
0	0	1.0	0.0
0	0	1.0	0.0
1	1	0.0	1.0
0	0	1.0	0.0
1	1	0.0	1.0
1	1	0.0	1.0
1	1	0.0	1.0
0	0	1.0	0.0
0	1	0.0	1.0
1	1	0.0	1.0
1	1	0.0	1.0
0	0	1.0	0.0
1	1	0.0	1.0
1	1	0.0	1.0
1	0	1.0	0.0
1	1	0.0	1.0
0	0	1.0	0.0
0	1	0.0	1.0
1	1	0.0	1.0
1	1	0.0	1.0
0	0	1.0	0.0
0	0	1.0	0.0
1	1	0.0	1.0
0	0	1.0	0.0
1	1	0.0	1.0
0	0	1.0	0.0
0	0	1.0	0.0
1	1	0.0	1.0
1	1	0.0	1.0
1	1	0.0	1.0
0	0	1.0	0.0
0	0	1.0	0.0
0	0	1.0	0.0
1	1	0.0	1.0
0	0	1.0	0.0
1	1	0.0	1.0
1	1	0.0	1.0
0	0	1.0	0.0
0	1	0.0	1.0
0	1	0.0	1.0
0	1	0.0	1.0
1	1	0.0	1.0
1	0	1.0	0.0
0	0	1.0	0.0
0	0	1.0	0.0
0	0	1.0	0.0
1	1	0.0	1.0
0	1	0.0	1.0
1	1	0.0	1.0
0	0	1.0	0.0
0	0	1.0	0.0
0	0	1.0	0.0
1	1	0.0	1.0
0	0	1.0	0.0
1	1	0.0	1.0
0	0	1.0	0.0
0	1	0.0	1.0
0	0	1.0	0.0
1	1	0.0	1.0
0	0	1.0	0.0
0	0	1.0	0.0
1	1	0.0	1.0
0	0	1.0	0.0
1	1	0.0	1.0
0	0	1.0	0.0
0	0	1.0	0.0
1	1	0.0	1.0
0	0	1.0	0.0
0	0	1.0	0.0
1	1	0.0	1.0
0	0	1.0	0.0
1	0	1.0	0.0
0	0	1.0	0.0
0	1	0.0	1.0
0	0	1.0	0.0
1	1	0.0	1.0
1	1	0.0	1.0
0	0	1.0	0.0
1	1	0.0	1.0
0	1	0.0	1.0
1	1	0.0	1.0
0	1	0.0	1.0
1	1	0.0	1.0
1	1	0.0	1.0
1	1	0.0	1.0
1	1	0.0	1.0
0	0	1.0	0.0
0	1	0.0	1.0
0	1	0.0	1.0
0	1	0.0	1.0
0	0	1.0	0.0
1	1	0.0	1.0
0	0	1.0	0.0
1	0	0.5752	0.4248
0	0	1.0	0.0
0	0	1.0	0.0
1	1	0.0	1.0
1	1	0.0	1.0
0	1	0.0	1.0
1	1	0.0	1.0
0	0	1.0	0.0
1	1	0.0	1.0
0	0	1.0	0.0
0	0	1.0	0.0
0	0	1.0	0.0
0	0	1.0	0.0
0	0	0.7644	0.2356
0	0	1.0	0.0
1	1	0.0	1.0
0	0	1.0	0.0
0	1	0.0	1.0
0	1	0.0	1.0
0	0	1.0	0.0
0	0	1.0	0.0
1	1	0.0	1.0
0	1	0.0	1.0
1	1	0.0	1.0
0	0	1.0	0.0
1	1	0.0	1.0
0	0	1.0	0.0
0	0	1.0	0.0
0	0	1.0	0.0
1	1	0.0	1.0
0	0	1.0	0.0
0	0	1.0	0.0
1	1	0.0	1.0
0	0	1.0	0.0
1	1	0.0	1.0
0	0	1.0	0.0
0	1	0.0	1.0
0	0	1.0	0.0
0	1	0.0	1.0
0	1	0.0	1.0
0	1	0.0034	0.9966
1	1	0.0	1.0
0	0	1.0	0.0
1	0	1.0	0.0
0	0	1.0	0.0
1	1	0.0	1.0
0	0	1.0	0.0
1	1	0.0	1.0
0	0	1.0	0.0
0	0	1.0	0.0
0	1	0.0	1.0
1	1	0.0	1.0
0	1	0.0	1.0
1	1	0.0	1.0
1	1	0.0	1.0
0	1	0.0	1.0
0	1	0.0	1.0
0	0	1.0	0.0
0	1	0.0	1.0
0	1	0.0	1.0
1	1	0.0	1.0
0	0	1.0	0.0
1	1	0.0	1.0
1	1	0.0	1.0
0	0	1.0	0.0
0	1	0.0	1.0
1	1	0.0	1.0
0	0	0.9999	1.0E-4
1	1	0.0	1.0
0	1	0.0	1.0
1	1	0.0	1.0
0	1	0.0	1.0
1	1	0.0	1.0
1	0	1.0	0.0
0	0	0.9601	0.0399
1	1	0.0	1.0
0	0	1.0	0.0
0	0	1.0	0.0
1	1	0.0	1.0
1	1	0.0	1.0
0	1	0.0	1.0
0	0	1.0	0.0
0	0	1.0	0.0
0	1	0.0	1.0
0	0	1.0	0.0
0	0	1.0	0.0
1	1	0.0	1.0
1	1	0.0	1.0
0	1	0.0	1.0
0	0	1.0	0.0
0	0	1.0	0.0
0	0	1.0	0.0
0	0	1.0	0.0
0	0	1.0	0.0
0	0	1.0	0.0
0	0	1.0	0.0
0	0	1.0	0.0
0	1	0.0	1.0
0	0	1.0	0.0
0	1	0.0	1.0
1	1	0.0	1.0
1	1	0.0	1.0
1	1	0.0	1.0
1	1	0.0	1.0
0	1	0.0	1.0
0	0	1.0	0.0
1	1	0.0	1.0
1	1	0.0	1.0
1	1	0.0	1.0
0	0	1.0	0.0
0	0	1.0	0.0
0	0	1.0	0.0
0	0	1.0	0.0
1	1	0.0	1.0
0	0	1.0	0.0
1	1	0.0	1.0
0	0	1.0	0.0
1	1	0.0	1.0
1	1	0.0	1.0
0	0	1.0	0.0
1	1	0.0	1.0
1	0	1.0	0.0
0	0	1.0	0.0
0	0	1.0	0.0
0	0	1.0	0.0
1	1	0.0	1.0
0	0	1.0	0.0
1	1	0.0	1.0
1	1	0.0	1.0
1	0	1.0	0.0
0	0	1.0	0.0
1	1	0.0	1.0
1	1	0.0	1.0
1	1	0.0	1.0
0	0	1.0	0.0
0	0	1.0	0.0
0	0	1.0	0.0
1	1	0.0	1.0
0	0	1.0	0.0
1	0	0.8703	0.1297
1	0	1.0	0.0
0	0	1.0	0.0
1	1	0.0	1.0
1	1	0.0	1.0
0	0	1.0	0.0
1	1	0.0	1.0
0	0	1.0	0.0
0	1	0.0	1.0
0	1	0.0	1.0
0	0	1.0	0.0
0	0	1.0	0.0
0	0	1.0	0.0
0	0	1.0	0.0
1	1	0.0	1.0
0	0	1.0	0.0
0	1	0.0	1.0
0	1	0.0	1.0
0	0	1.0	0.0
1	1	0.0	1.0
1	1	0.0	1.0
0	1	0.0	1.0
0	0	1.0	0.0
1	1	0.0	1.0
1	1	0.0	1.0
0	0	1.0	0.0
1	1	0.0	1.0
1	1	0.0	1.0
0	0	1.0	0.0
0	0	1.0	0.0
0	0	1.0	0.0
0	0	1.0	0.0
1	1	0.0	1.0
0	0	1.0	0.0
0	0	1.0	0.0
0	0	1.0	0.0
0	1	0.0	1.0
0	0	1.0	0.0
1	1	0.0	1.0
1	1	0.0	1.0
0	0	1.0	0.0
0	0	1.0	0.0
0	0	1.0	0.0
1	1	0.0	1.0
0	0	1.0	0.0
0	1	0.0	1.0
0	0	1.0	0.0
0	0	1.0	0.0
0	1	0.0	1.0
1	1	0.0	1.0
0	0	1.0	0.0
0	0	1.0	0.0
0	0	1.0	0.0
0	1	0.0	1.0
1	1	0.0	1.0
0	1	2.0E-4	0.9998
1	1	0.0	1.0
0	1	0.0	1.0
0	0	1.0	0.0
0	1	0.0	1.0
0	0	1.0	0.0
1	1	0.0	1.0
0	0	1.0	0.0
0	0	1.0	0.0
1	1	0.0	1.0
0	0	1.0	0.0
0	0	1.0	0.0
1	1	0.0	1.0
0	0	1.0	0.0
1	1	0.0	1.0
1	1	0.0	1.0
0	1	0.4471	0.5529
0	0	1.0	0.0
0	0	1.0	0.0
0	0	1.0	0.0
0	1	0.0	1.0
0	0	1.0	0.0
0	0	1.0	0.0
0	0	1.0	0.0
1	1	0.0	1.0
0	0	0.9599	0.0401
0	0	1.0	0.0
0	0	1.0	0.0
1	1	0.0	1.0
0	0	1.0	0.0
1	1	0.0	1.0
0	1	0.0	1.0
0	0	1.0	0.0
0	0	1.0	0.0
0	0	1.0	0.0
0	0	1.0	0.0
1	1	0.0	1.0
0	1	0.0	1.0
0	0	1.0	0.0
0	0	1.0	0.0
0	0	1.0	0.0
0	0	1.0	0.0
1	1	0.0	1.0
0	0	1.0	0.0
0	1	0.0	1.0
1	1	0.0	1.0
0	0	1.0	0.0
0	0	1.0	0.0
1	1	0.0	1.0
1	1	0.0	1.0
0	0	1.0	0.0
1	1	0.0	1.0
0	0	1.0	0.0
0	0	1.0	0.0
0	1	0.0	1.0
1	1	0.0	1.0
1	1	0.0	1.0
0	0	1.0	0.0
0	1	0.0197	0.9803
1	1	0.0	1.0
0	0	1.0	0.0
1	1	0.0	1.0
0	1	0.0	1.0
1	0	1.0	0.0
0	0	1.0	0.0
0	1	0.0	1.0
0	0	1.0	0.0
0	1	0.0	1.0
1	1	0.0	1.0
1	1	0.0	1.0
1	1	0.0	1.0
0	0	1.0	0.0
0	0	1.0	0.0
0	0	1.0	0.0
1	1	0.0	1.0
1	1	0.0	1.0
0	1	0.0	1.0
0	0	1.0	0.0
0	0	1.0	0.0
1	1	0.0	1.0
1	1	0.0	1.0
1	1	0.0	1.0
0	0	1.0	0.0
1	1	0.0	1.0
0	0	1.0	0.0
1	1	0.0	1.0
1	1	0.0	1.0
1	1	0.0	1.0
1	1	0.0	1.0
0	0	1.0	0.0
1	1	0.0	1.0
0	1	0.0	1.0
0	1	0.0	1.0
1	1	0.0	1.0
0	0	1.0	0.0
0	0	1.0	0.0
0	0	1.0	0.0
0	0	1.0	0.0
1	1	0.0	1.0
1	1	0.0	1.0
1	1	0.0	1.0
0	1	0.0	1.0
0	0	1.0	0.0
0	0	1.0	0.0
0	0	1.0	0.0
0	1	0.0	1.0
0	1	0.1768	0.8232
0	0	1.0	0.0
0	0	1.0	0.0
0	0	1.0	0.0
1	1	0.0	1.0
0	0	1.0	0.0
0	0	1.0	0.0
1	1	0.0	1.0
1	1	0.0	1.0
1	1	0.0	1.0
0	1	0.0	1.0
0	1	0.0	1.0
0	0	1.0	0.0
0	0	1.0	0.0
1	1	0.0	1.0
0	0	1.0	0.0
0	0	1.0	0.0
0	0	1.0	0.0
1	1	0.0	1.0
1	1	0.0	1.0
1	1	0.0	1.0
1	1	0.0	1.0
1	1	0.0	1.0
1	1	0.0	1.0
0	0	1.0	0.0
0	0	1.0	0.0
0	1	0.0	1.0
0	0	1.0	0.0
0	1	0.0	1.0
0	0	1.0	0.0
1	1	0.0	1.0
1	1	0.0	1.0
1	1	0.0	1.0
0	0	1.0	0.0
1	1	0.0	1.0
1	1	0.0	1.0
0	0	1.0	0.0
1	1	0.0	1.0
0	0	1.0	0.0
1	1	0.0	1.0
0	0	1.0	0.0
1	1	0.0	1.0
1	1	0.0	1.0
1	1	0.0	1.0
1	1	0.0	1.0
0	0	1.0	0.0
1	1	0.0	1.0
0	0	1.0	0.0
1	1	0.0	1.0
1	0	1.0	0.0
1	1	0.0	1.0
0	0	1.0	0.0
0	0	1.0	0.0
1	1	0.0	1.0
0	0	1.0	0.0
0	0	1.0	0.0
1	1	0.0	1.0
1	1	0.0	1.0
0	0	1.0	0.0
0	0	1.0	0.0
0	0	1.0	0.0
0	0	1.0	0.0
0	0	0.9999	1.0E-4
1	1	0.0	1.0
0	0	1.0	0.0
0	1	0.0	1.0
0	0	1.0	0.0
1	1	0.0	1.0
0	0	1.0	0.0
0	0	1.0	0.0
1	1	0.0	1.0
1	1	0.0	1.0
1	1	0.0	1.0
0	1	0.0	1.0
1	1	0.0	1.0
0	0	1.0	0.0
0	0	1.0	0.0
0	0	1.0	0.0
1	1	0.0	1.0
1	1	0.0	1.0
0	1	0.0	1.0
1	1	0.0	1.0
0	0	1.0	0.0
0	0	1.0	0.0
0	0	1.0	0.0
0	0	1.0	0.0
0	0	1.0	0.0
0	0	1.0	0.0
0	0	1.0	0.0
1	1	0.0	1.0
1	1	0.0	1.0
1	1	0.0	1.0
0	0	1.0	0.0
0	0	1.0	0.0
1	1	0.0	1.0
0	1	0.0	1.0
1	0	1.0	0.0
1	1	0.0	1.0
0	1	0.0	1.0
0	1	0.0	1.0
1	0	1.0	0.0
1	1	0.0	1.0
0	0	1.0	0.0
0	0	1.0	0.0
1	1	0.0	1.0
0	0	1.0	0.0
1	1	0.0	1.0
0	0	1.0	0.0
0	1	0.1498	0.8502
1	1	0.0	1.0
1	0	0.9421	0.0579
1	1	0.0	1.0
0	0	1.0	0.0
0	1	0.0	1.0
0	1	0.0	1.0
1	1	0.0	1.0
0	0	1.0	0.0
1	1	0.0	1.0
0	0	1.0	0.0
1	1	0.0	1.0
0	1	0.0	1.0
0	1	0.0	1.0
1	1	0.0	1.0
1	1	0.0	1.0
1	1	0.0	1.0
0	0	1.0	0.0
0	0	1.0	0.0
0	0	1.0	0.0
1	1	0.0	1.0
0	0	0.9864	0.0136
0	1	0.0	1.0
1	1	0.0	1.0
0	0	1.0	0.0
0	0	1.0	0.0
0	0	1.0	0.0
0	0	1.0	0.0
0	0	1.0	0.0
0	0	1.0	0.0
1	1	0.0	1.0
1	1	0.0	1.0
0	1	0.0	1.0
1	1	0.0	1.0
1	1	0.0	1.0
0	0	1.0	0.0
0	0	1.0	0.0
0	1	0.0	1.0
1	1	0.0	1.0
0	0	1.0	0.0
1	1	0.0	1.0
0	0	1.0	0.0
0	0	1.0	0.0
0	0	1.0	0.0
1	1	0.0	1.0
1	1	0.0	1.0
0	0	1.0	0.0
0	1	0.0	1.0
1	0	1.0	0.0
0	0	1.0	0.0
1	1	0.0	1.0
1	1	0.0	1.0
0	1	0.0	1.0
1	1	0.0	1.0
0	0	1.0	0.0
0	0	1.0	0.0
0	0	1.0	0.0
1	1	0.0	1.0
1	1	0.0	1.0
1	1	0.0	1.0
1	1	0.0	1.0
1	1	0.0	1.0
0	0	1.0	0.0
0	0	1.0	0.0
0	0	1.0	0.0
0	0	1.0	0.0
1	1	0.0	1.0
0	1	0.0	1.0
1	0	1.0	0.0
1	1	0.0	1.0
0	1	0.0	1.0
0	0	1.0	0.0
0	0	1.0	0.0
0	0	1.0	0.0
0	1	0.0	1.0
0	0	1.0	0.0
0	0	1.0	0.0
1	1	0.0	1.0
0	0	1.0	0.0
0	1	0.0	1.0
0	0	1.0	0.0
1	1	0.0	1.0
1	1	0.0	1.0
0	0	1.0	0.0
1	1	0.0	1.0
0	0	1.0	0.0
0	0	1.0	0.0
0	0	1.0	0.0
0	0	1.0	0.0
0	0	1.0	0.0
0	0	1.0	0.0
1	1	0.0	1.0
1	1	0.0	1.0
1	1	0.0	1.0
0	0	1.0	0.0
0	0	1.0	0.0
0	1	0.0	1.0
0	1	0.0	1.0
0	1	0.0	1.0
1	1	0.0	1.0
1	1	0.0	1.0
0	0	1.0	0.0
0	0	1.0	0.0
0	0	1.0	0.0
1	1	0.0	1.0
0	0	1.0	0.0
0	1	0.0	1.0
0	0	0.5812	0.4188
0	0	1.0	0.0
1	0	1.0	0.0
1	1	0.0	1.0
0	1	0.0	1.0
1	1	0.0	1.0
0	0	1.0	0.0
0	0	1.0	0.0
1	1	0.0	1.0
0	0	1.0	0.0
0	0	1.0	0.0
0	0	1.0	0.0
1	1	0.0	1.0
1	1	0.0	1.0
1	1	0.0	1.0
0	0	0.7323	0.2677
0	0	1.0	0.0
0	0	1.0	0.0
0	1	0.0	1.0
0	1	0.0413	0.9587
0	1	0.0	1.0
0	0	1.0	0.0
0	0	0.6085	0.3915
0	0	1.0	0.0
0	0	1.0	0.0
0	0	1.0	0.0
0	0	1.0	0.0
0	1	0.0	1.0
0	0	1.0	0.0
1	1	0.0	1.0
0	0	0.7691	0.2309
0	1	0.0	1.0
1	1	0.0	1.0
0	1	0.0	1.0
0	1	0.0	1.0
1	1	0.0	1.0
1	1	0.0	1.0
0	0	1.0	0.0
1	1	0.0	1.0
0	0	1.0	0.0
0	1	0.0	1.0
0	0	1.0	0.0
0	1	0.0	1.0
1	1	0.0	1.0
1	1	0.0	1.0
0	0	1.0	0.0
1	1	0.0	1.0
0	1	0.0	1.0
0	0	1.0	0.0
0	0	1.0	0.0
1	1	0.0	1.0
1	1	0.0	1.0
0	0	1.0	0.0
1	1	0.0	1.0
0	1	0.0	1.0
0	0	1.0	0.0
0	0	1.0	0.0
1	1	0.0	1.0
1	1	0.0	1.0
0	0	1.0	0.0
0	0	0.8095	0.1905
0	0	1.0	0.0
1	1	0.0	1.0
0	0	1.0	0.0
1	1	0.0	1.0
0	1	0.0	1.0
0	0	1.0	0.0
1	1	0.0	1.0
1	1	0.0	1.0
0	0	1.0	0.0
1	1	0.0	1.0
1	1	0.0	1.0
1	1	0.0	1.0
0	1	0.0	1.0
1	1	0.0	1.0
0	1	0.0	1.0
1	1	0.0	1.0
1	1	0.0	1.0
1	1	0.0	1.0
1	1	0.0	1.0
0	0	1.0	0.0
0	0	1.0	0.0